{"cameraMode":{"drawMode":0,"name":"Shaded","section":"Shading Mode"},"sceneLighting":true,"audioPlay":false,"sceneViewState":{"showFog":true,"showMaterialUpdate":false,"showSkybox":true,"showFlares":true,"showImageEffects":true,"showParticleSystems":true,"showVisualEffectGraphs":true,"m_FxEnabled":true},"in2DMode":false,"pivot":{"x":-58.914573669433597,"y":9.508566856384278,"z":50.24506378173828},"rotation":{"x":0.16157110035419465,"y":0.022505611181259157,"z":-0.0037611760199069978,"w":0.9867110252380371},"size":6.237321376800537,"orthographic":true}