{"cameraMode":{"drawMode":0,"name":"Shaded","section":"Shading Mode"},"sceneLighting":false,"audioPlay":false,"sceneViewState":{"showFog":true,"showMaterialUpdate":false,"showSkybox":false,"showFlares":true,"showImageEffects":true,"showParticleSystems":true,"showVisualEffectGraphs":true,"m_FxEnabled":true},"in2DMode":false,"pivot":{"x":-0.019019007682800294,"y":0.9100902080535889,"z":0.03763771057128906},"rotation":{"x":0.15658222138881684,"y":0.15808707475662232,"z":-0.02552063949406147,"w":0.9746829271316528},"size":2.064610242843628,"orthographic":true}